{"cameraMode":{"drawMode":0,"name":"Shaded","section":"Shading Mode"},"sceneLighting":true,"audioPlay":false,"sceneViewState":{"m_AlwaysRefresh":false,"showFog":true,"showSkybox":true,"showFlares":true,"showImageEffects":true,"showParticleSystems":true,"showVisualEffectGraphs":true,"m_FxEnabled":true},"in2DMode":false,"pivot":{"x":160.5800018310547,"y":382.69586181640627,"z":-130.37112426757813},"rotation":{"x":0.17926882207393647,"y":-0.026564063504338266,"z":0.0048424238339066509,"w":0.9834302663803101},"size":132.63351440429688,"orthographic":false}