{"cameraMode":{"drawMode":0,"name":"Shaded","section":"Shading Mode"},"sceneLighting":true,"audioPlay":false,"sceneViewState":{"m_AlwaysRefresh":false,"showFog":true,"showSkybox":true,"showFlares":true,"showImageEffects":true,"showParticleSystems":true,"showVisualEffectGraphs":true,"m_FxEnabled":true},"in2DMode":false,"pivot":{"x":14.576103210449219,"y":2.4083480834960939,"z":-7.224172592163086},"rotation":{"x":-0.0015085935592651368,"y":0.9848098754882813,"z":-0.17342184484004975,"w":-0.00856718234717846},"size":11.804931640625,"orthographic":false}